Date,Day,Temps,Temps,Rain,Evap,Sun,Max wind gust,Max wind gust,Max wind gust,9 am,9 am,9 am,9 am,9 am,9 am,3 pm,3 pm,3 pm,3 pm,3 pm,3 pm
Date,Day,Min,Max,Rain,Evap,Sun,Dir,Spd,Time,Temp,RH,Cld,Dir,Spd,MSLP,Temp,RH,Cld,Dir,Spd,MSLP
Date,Day,째C,째C,mm,mm,hours,km/h,km/h,local,째C,%,8th,km/h,km/h,hPa,째C,%,8th,km/h,km/h,hPa
2024-01-01,Mo,14.5,27.6,0,,,NE,30,18:14,16.9,79,8,E,13,1022.5,25.0,53,5,S,9,1018.0
2024-01-02,Tu,16.9,27.7,0.6,,,NNE,31,17:45,19.4,89,8,S,9,1018.3,26.2,56,1,N,11,1015.5
2024-01-03,We,17.2,30.2,0.4,,,SE,37,19:27,21.4,81,7,SE,4,1016.2,28.7,54,8,WNW,13,1013.0
2024-01-04,Th,16.9,24.1,4.8,,,ESE,31,20:52,21.4,78,8,SE,7,1016.0,23.5,73,6,ESE,15,1016.2
2024-01-05,Fr,14.4,23.9,4.2,,,ENE,43,16:15,17.8,75,8,SSE,17,1021.5,22.4,54,8,E,17,1019.8
2024-01-06,Sa,13.6,25.7,0,,,ENE,37,15:26,16.2,65,8,E,11,1022.3,23.6,41,,N,17,1018.2
2024-01-07,Su,14.2,28.1,0,,,NNE,33,22:36,18.3,69,7,NNW,9,1017.9,27.3,51,7,NW,17,1012.7
2024-01-08,Mo,18.3,24.8,16.4,,,N,54,06:05,20.1,99,8,NNW,30,1009.6,20.4,90,5,WSW,13,1007.7
2024-01-09,Tu,16.3,27.7,7.2,,,SSW,37,17:08,18.2,82,8,SSE,13,1013.3,25.5,57,1,SW,9,1010.7
2024-01-10,We,16.7,31.0,6.2,,,WNW,39,13:55,18.8,88,8,S,7,1014.4,29.8,46,4,WSW,15,1012.1
2024-01-11,Th,17.2,29.1,0,,,E,41,18:11,23.4,72,1,NNE,13,1018.8,27.3,57,1,ENE,26,1018.6
2024-01-12,Fr,17.9,30.2,0,,,NE,30,18:53,22.5,65,3,NE,9,1021.2,29.0,46,1,NE,13,1017.4
2024-01-13,Sa,15.4,32.2,0,,,SSW,48,15:57,21.9,77,6,ESE,2,1016.6,28.5,51,8,E,20,1012.2
2024-01-14,Su,13.9,23.5,29.8,,,E,44,13:44,19.1,76,8,SSE,9,1018.7,21.9,65,8,ESE,31,1018.5
2024-01-15,Mo,13.3,20.5,20.6,,,ENE,39,17:12,15.4,81,8,SE,17,1022.6,18.5,71,8,ENE,28,1021.0
2024-01-16,Tu,13.6,22.2,0.4,,,ENE,26,09:32,16.4,80,8,SE,9,1018.0,21.7,65,8,NE,9,1013.0
2024-01-17,We,13.9,22.6,2.6,,,NNW,41,14:31,19.2,91,8,SE,2,1008.4,20.4,99,8,N,24,1003.9
2024-01-18,Th,17.4,24.7,7.8,,,NW,50,09:55,20.2,63,,NNW,26,1002.8,23.6,31,,WNW,28,1001.5
2024-01-19,Fr,12.1,25.7,0.2,,,NW,43,08:00,17.6,56,,NW,31,1007.2,25.3,42,,NNW,24,1006.1
2024-01-20,Sa,13.2,27.0,0,,,NW,33,14:18,19.5,75,3,NE,7,1010.8,25.9,45,7,NNW,22,1007.5
2024-01-21,Su,11.3,32.9,0,,,WNW,59,14:49,19.9,75,,NNE,4,1007.0,30.9,32,,WNW,30,1002.5
2024-01-22,Mo,11.7,25.9,0,,,E,44,17:57,16.9,64,7,SSE,15,1011.3,24.9,49,5,E,11,1010.4
2024-01-23,Tu,14.9,26.7,0,,,ENE,30,19:14,16.9,73,8,ENE,17,1015.3,23.9,53,8,NNE,13,1012.3
2024-01-24,We,12.1,27.5,0,,,NNW,35,13:10,17.2,95,8,ESE,6,1012.0,24.6,60,8,N,24,1009.9
2024-01-25,Th,17.2,30.1,0,,,NW,26,23:02,23.3,64,6,N,9,1010.2,29.2,48,8,N,15,1008.1
2024-01-26,Fr,20.8,27.4,0,,,W,50,10:30,23.3,75,8,NNW,15,1002.6,25.9,49,1,WNW,28,1002.8
2024-01-27,Sa,11.3,27.5,0,,,NW,41,14:35,18.2,71,,Calm,Calm,1006.6,24.7,39,,N,22,1003.0
2024-01-28,Su,10.4,27.7,0,,,E,43,19:59,17.1,74,,SSE,9,1010.5,26.3,36,,N,13,1009.1
2024-01-29,Mo,14.5,31.5,0,,,ESE,41,20:34,19.7,66,,S,6,1012.3,30.0,39,,NNW,13,1008.9
2024-01-30,Tu,12.9,28.6,0,,,NE,30,14:23,21.4,58,8,SE,11,1014.5,27.5,57,4,NNE,15,1011.5
2024-01-31,We,18.2,26.2,0.4,,,E,48,17:09,21.2,80,8,NE,13,1012.7,25.1,63,5,NE,19,1011.4
2024-02-01,Th,16.0,31.5,0,,,W,39,17:09,17.2,85,8,NNW,11,1013.4,30.8,36,,WNW,17,1008.1
2024-02-02,Fr,11.4,31.1,0,,,E,41,19:11,19.4,62,,WSW,6,1008.8,30.1,29,,NNW,13,1005.7
2024-02-03,Sa,14.0,30.9,0,,,N,33,15:45,19.4,77,7,E,7,1012.7,29.4,35,,NNW,9,1008.8
2024-02-04,Su,14.5,32.9,0,,,NNW,50,15:13,21.2,74,6,SE,9,1009.6,31.8,31,7,NW,20,1006.5
2024-02-05,Mo,19.4,22.5,2.0,,,NNW,41,00:09,20.8,94,8,Calm,Calm,1009.5,21.5,89,8,NNW,13,1009.4
2024-02-06,Tu,18.2,26.7,30.6,,,E,31,15:37,20.0,99,8,ENE,9,1010.7,23.3,69,8,ENE,20,1011.0
2024-02-07,We,9.2,23.6,0.2,,,E,39,16:12,14.9,53,,SSE,17,1021.2,22.6,51,3,E,19,1019.9
2024-02-08,Th,14.4,23.2,0,,,E,37,12:34,16.8,64,7,ESE,17,1025.1,21.7,47,4,NE,19,1023.1
2024-02-09,Fr,8.3,28.8,0,,,ENE,37,16:16,15.0,76,,ESE,11,1023.0,27.9,32,,NE,13,1018.8
2024-02-10,Sa,14.6,23.5,0.2,,,E,41,11:41,17.7,64,2,SE,20,1025.3,21.2,57,8,E,20,1023.9
2024-02-11,Su,13.9,27.0,0.8,,,ENE,28,12:28,16.1,71,6,ENE,13,1023.9,24.0,47,,N,13,1019.5
2024-02-12,Mo,11.2,30.5,0,,,NNW,33,13:39,17.9,80,,Calm,Calm,1020.3,29.5,45,5,NW,15,1016.4
2024-02-13,Tu,14.3,31.1,0,,,W,57,14:49,22.4,74,,N,7,1016.6,29.3,44,7,NW,31,1011.2
2024-02-14,We,17.5,26.8,10.0,,,NNW,41,13:28,19.7,87,8,NNW,15,1011.2,26.6,49,,NNW,28,1012.2
2024-02-15,Th,13.9,21.2,0.2,,,E,31,19:22,15.3,75,8,E,9,1020.4,19.9,71,8,ENE,13,1019.8
2024-02-16,Fr,15.2,27.3,0,,,NE,28,17:54,17.9,87,8,S,7,1022.1,24.3,64,8,NNW,9,1019.3
2024-02-17,Sa,15.2,31.0,0,,,NNE,50,16:54,21.7,81,,Calm,Calm,1021.9,29.5,49,1,NW,17,1017.9
2024-02-18,Su,16.1,31.6,15.2,,,NE,59,17:10,20.8,80,8,SE,7,1019.7,26.9,55,1,NNW,9,1015.3
2024-02-19,Mo,14.0,27.7,0.8,,,E,41,17:02,19.1,74,1,SSE,7,1018.7,27.0,54,1,NNE,11,1016.7
2024-02-20,Tu,15.3,26.6,0,,,E,41,17:08,19.0,75,8,SE,7,1019.3,24.6,53,8,ENE,20,1016.2
2024-02-21,We,12.8,24.7,0,,,E,39,15:49,18.0,85,8,NNE,6,1017.8,23.3,71,7,N,13,1015.1
2024-02-22,Th,15.1,31.1,3.0,,,NNW,37,12:55,19.5,79,,ESE,7,1015.0,29.5,44,,NNW,26,1010.0
2024-02-23,Fr,14.1,29.2,0,,,NW,39,15:28,21.2,76,8,S,6,1008.5,26.4,64,6,NNW,22,1005.9
2024-02-24,Sa,13.9,24.0,3.0,,,E,39,16:52,18.1,71,7,SE,11,1015.7,23.2,55,4,NNE,11,1015.4
2024-02-25,Su,7.7,29.3,0,,,NW,33,12:24,14.5,83,,SSW,6,1018.3,26.8,42,,NNW,17,1012.9
2024-02-26,Mo,12.0,29.6,0,,,ENE,44,16:28,15.3,81,7,N,7,1015.0,28.4,35,,NNW,11,1013.5
2024-02-27,Tu,15.0,25.2,0,,,NE,33,13:25,17.4,80,8,ENE,11,1018.6,23.2,63,7,E,19,1016.1
2024-02-28,We,17.2,32.8,0,,,NNW,31,15:35,19.6,78,8,ESE,7,1018.2,31.6,45,,NNW,17,1014.3
2024-02-29,Th,17.1,32.9,0,,,NNW,39,10:47,25.5,63,,NNW,20,1014.0,31.1,37,8,W,13,1013.2
2024-03-01,Fr,16.2,33.2,0,,,WSW,48,13:07,25.3,63,,NW,22,1015.4,31.7,35,4,W,28,1012.6
2024-03-02,Sa,16.2,29.7,0,,,E,46,16:16,19.6,84,7,Calm,Calm,1012.9,28.0,30,,N,20,1012.0
2024-03-03,Su,11.4,29.2,0,,,NW,48,14:15,17.7,77,,WNW,9,1014.2,27.7,28,,WNW,33,1011.5
2024-03-04,Mo,8.9,24.7,0,,,E,43,18:28,12.9,55,,SSE,22,1022.4,24.0,35,,E,11,1019.9
2024-03-05,Tu,6.1,27.8,0,,,,,,14.3,75,,SSE,11,1023.4,25.4,41,,NNE,13,1019.2
2024-03-06,We,10.0,30.4,0,,,NW,31,13:05,16.5,76,3,ENE,2,1020.5,29.4,32,1,WNW,19,1017.3
2024-03-07,Th,9.9,29.2,0,,,ENE,48,17:08,20.0,56,,ESE,11,1022.4,28.3,37,,ENE,22,1021.2
2024-03-08,Fr,17.1,29.8,0,,,NNE,31,13:21,19.8,70,8,SSW,9,1025.7,27.8,43,,NNW,13,1022.6
2024-03-09,Sa,15.7,31.2,0,,,NE,31,14:01,21.3,68,8,E,6,1026.1,29.5,28,4,NNE,17,1023.5
2024-03-10,Su,10.0,31.3,0,,,NNE,30,16:51,17.7,76,,ENE,2,1028.2,29.9,22,,NW,11,1025.0
2024-03-11,Mo,9.5,30.5,0,,,NNE,28,15:24,16.6,100,7,S,4,1027.5,28.5,32,,WNW,7,1022.3
2024-03-12,Tu,8.0,34.5,0,,,NE,48,15:29,15.1,77,,Calm,Calm,1020.2,32.3,24,,WNW,9,1016.0
2024-03-13,We,13.4,30.1,0,,,NNE,22,13:12,19.2,62,7,E,2,1018.1,29.6,34,6,ENE,11,1014.1
2024-03-14,Th,16.3,28.1,0,,,WNW,41,11:50,20.3,87,7,Calm,Calm,1011.9,27.6,38,8,W,17,1010.2
2024-03-15,Fr,12.8,21.0,14.6,,,ESE,43,16:38,15.9,80,8,SE,9,1020.4,19.5,62,8,SE,26,1020.2
2024-03-16,Sa,7.8,22.9,0.2,,,ENE,31,09:52,13.1,92,8,ESE,6,1023.3,22.4,45,6,NE,13,1018.9
2024-03-17,Su,12.7,20.5,0.4,,,E,43,16:27,16.2,96,8,ESE,9,1016.9,20.0,65,8,E,17,1014.2
2024-03-18,Mo,14.4,24.3,0,,,E,33,14:15,17.7,76,,S,9,1016.2,21.4,71,8,W,11,1014.2
2024-03-19,Tu,14.3,29.5,0.4,,,NW,35,14:48,18.8,80,,ENE,2,1017.1,27.7,40,1,N,20,1013.3
2024-03-20,We,18.7,23.6,12.8,,,S,41,17:25,20.3,69,1,WNW,24,1015.5,22.1,38,7,NW,26,1016.6
2024-03-21,Th,2.3,20.8,0.2,,,NE,35,16:22,9.7,69,,SE,9,1028.9,19.2,38,,SE,11,1025.4
2024-03-22,Fr,5.8,23.9,0,,,NNW,35,14:22,10.7,83,,SSE,9,1025.9,22.5,39,,NW,11,1021.3
2024-03-23,Sa,7.1,22.8,0,,,NNE,30,14:59,13.1,83,6,SE,9,1023.6,21.9,52,1,NE,17,1020.7
2024-03-24,Su,10.9,25.5,0,,,NW,35,15:00,14.7,99,8,Calm,Calm,1020.5,24.6,28,,NW,22,1017.5
2024-03-25,Mo,3.5,27.8,0,,,WNW,33,15:43,10.0,89,,SSE,7,1019.9,26.7,23,,NNW,11,1016.3
2024-03-26,Tu,4.3,28.5,0,,,W,24,15:13,11.6,79,,SE,6,1020.6,26.6,25,,NE,9,1017.7
2024-03-27,We,8.5,25.9,0,,,NNE,26,13:08,13.7,87,,Calm,Calm,1024.3,24.5,36,1,NNE,11,1021.3
2024-03-28,Th,12.0,26.4,0,,,E,43,17:25,16.8,80,5,S,6,1025.2,25.3,40,3,NW,13,1022.7
2024-03-29,Fr,11.4,27.7,0,,,E,28,18:55,16.5,80,,N,4,1027.9,26.2,40,,E,9,1023.9
2024-03-30,Sa,9.1,30.0,0,,,E,31,17:40,13.9,90,,E,4,1026.9,29.3,27,,W,13,1022.9
2024-03-31,Su,8.1,28.8,0,,,NNW,41,13:52,13.4,81,,Calm,Calm,1024.4,27.3,31,,NNW,9,1019.0
2024-04-01,Mo,10.1,29.0,0,,,NNW,20,16:44,13.1,100,8,SE,2,1020.8,27.8,26,,N,7,1016.9
2024-04-02,Tu,12.1,23.2,0,,,NW,57,11:15,18.0,78,8,NNW,33,1010.9,22.4,35,,W,33,1009.7
2024-04-03,We,4.3,23.3,0.2,,,NW,33,14:31,10.3,85,,E,9,1019.8,22.7,35,4,WNW,15,1018.4
2024-04-04,Th,10.3,21.3,0,,,E,35,13:50,14.3,77,4,E,9,1025.3,19.7,57,8,E,24,1024.0
2024-04-05,Fr,13.3,16.6,4.6,,,SSE,43,12:58,14.0,91,8,SSE,15,1027.4,14.6,80,8,SSE,20,1024.3
2024-04-06,Sa,13.0,21.9,37.4,,,ESE,35,02:26,13.6,99,8,W,17,1018.2,19.1,71,8,WNW,15,1013.2
2024-04-07,Su,12.8,21.7,29.0,,,N,37,10:33,16.6,86,8,NNW,24,1012.6,20.7,62,8,NW,20,1009.9
2024-04-08,Mo,9.5,22.7,0.2,,,WNW,35,13:25,15.0,98,8,NW,13,1012.4,22.3,36,1,WNW,20,1009.3
2024-04-09,Tu,11.0,14.4,0,,,S,44,12:02,13.3,76,8,NNW,2,1011.1,9.4,86,7,SE,15,1012.9
2024-04-10,We,4.1,18.6,2.8,,,S,43,09:41,11.3,64,1,S,28,1018.7,18.3,48,,WNW,11,1016.5
2024-04-11,Th,2.0,20.5,0,,,E,31,19:39,12.6,64,,SE,11,1021.5,19.2,35,,N,9,1019.5
2024-04-12,Fr,6.3,21.1,0,,,NW,39,13:17,13.9,71,1,SW,7,1022.8,20.9,46,,NW,17,1018.7
2024-04-13,Sa,3.3,20.9,0,,,NNW,24,14:30,9.8,100,8,NE,2,1023.3,19.8,39,,NNW,13,1020.2
2024-04-14,Su,7.6,22.3,0,,,NNW,31,15:36,14.5,80,1,Calm,Calm,1024.1,21.7,31,,NNW,17,1021.0
2024-04-15,Mo,1.1,22.4,0,,,N,33,16:09,9.9,76,,SSW,4,1024.8,21.7,36,,NNW,20,1021.1
2024-04-16,Tu,2.1,22.3,0,,,NW,20,15:33,11.6,79,,Calm,Calm,1025.5,21.2,36,,NNW,13,1021.4
2024-04-17,We,7.8,21.0,0,,,ENE,30,17:31,13.6,82,7,S,9,1026.0,20.4,44,,N,13,1021.1
2024-04-18,Th,8.6,20.3,0,,,WNW,39,13:18,13.9,96,2,N,7,1019.3,19.2,39,,WNW,26,1014.8
2024-04-19,Fr,3.2,19.0,0,,,SSW,30,14:10,9.5,79,,N,7,1018.3,18.1,43,5,SSE,17,1017.9
2024-04-20,Sa,4.6,19.4,0,,,S,37,09:06,13.5,66,1,SSE,20,1027.3,18.2,46,5,SE,17,1026.1
2024-04-21,Su,-0.1,21.5,0,,,N,15,06:42,8.6,85,,SSE,7,1031.2,21.4,24,,W,7,1026.5
2024-04-22,Mo,3.6,23.0,0,,,NNW,20,13:27,7.6,100,8,Calm,Calm,1030.1,22.9,33,,NNW,7,1025.4
2024-04-23,Tu,1.0,21.7,0,,,N,41,13:44,11.2,74,,WNW,4,1026.0,20.8,47,,NNW,28,1020.0
2024-04-24,We,5.9,21.2,0,,,NNW,54,04:40,17.0,50,7,WNW,22,1016.0,18.4,38,,N,30,1015.7
2024-04-25,Th,-0.5,18.2,0,,,N,26,14:24,8.3,70,,NW,7,1022.0,17.0,34,,WNW,9,1019.0
2024-04-26,Fr,0.0,18.4,0,,,NNW,19,12:32,10.3,66,,SE,7,1025.1,17.8,37,,W,6,1022.5
2024-04-27,Sa,4.0,19.5,0,,,SE,17,00:57,8.9,91,8,SSE,7,1028.8,18.7,44,,WNW,9,1025.0
2024-04-28,Su,1.1,20.8,0,,,W,28,13:07,8.8,95,,NNW,6,1028.0,19.9,46,,NNW,19,1023.5
2024-04-29,Mo,2.1,20.2,0,,,N,31,12:58,10.2,85,,Calm,Calm,1024.7,18.3,59,8,N,15,1022.3
2024-04-30,Tu,8.7,16.6,3.0,,,SE,30,20:46,12.5,87,8,ESE,6,1026.9,16.4,64,4,NNE,11,1025.6
2024-05-01,We,2.5,17.6,0,,,E,31,15:53,9.4,69,,SSE,15,1032.0,16.8,37,,E,15,1029.8
2024-05-02,Th,0.0,17.3,0,,,E,33,15:39,9.1,81,1,SE,9,1033.9,15.8,52,8,E,19,1030.6
2024-05-03,Fr,3.6,17.2,0,,,ESE,30,18:41,10.4,76,6,SE,7,1031.9,15.3,59,8,E,19,1028.1
2024-05-04,Sa,8.2,15.9,0,,,ESE,35,12:00,13.0,71,8,SE,15,1027.3,14.9,61,8,ESE,19,1024.4
2024-05-05,Su,10.0,13.8,2.2,,,SSW,33,15:48,10.4,98,8,S,9,1025.8,13.1,81,8,SE,11,1024.4
2024-05-06,Mo,5.4,17.3,1.0,,,ESE,46,10:04,13.0,66,1,SSE,20,1030.9,14.3,66,7,ESE,24,1030.8
2024-05-07,Tu,6.0,16.6,0,,,E,31,14:22,12.6,80,8,SSE,11,1033.4,15.4,64,8,E,15,1030.8
2024-05-08,We,5.3,17.0,0,,,ESE,37,15:27,12.6,80,8,SSE,9,1034.0,15.3,66,8,SE,20,1030.9
2024-05-09,Th,7.9,16.7,0,,,E,31,12:06,13.6,80,8,S,7,1033.5,16.3,72,7,ESE,15,1031.0
2024-05-10,Fr,8.9,16.5,1.0,,,ESE,31,15:35,12.9,99,8,S,9,1032.4,14.5,81,8,SE,13,1029.4
2024-05-11,Sa,8.4,13.6,1.4,,,SE,26,12:26,12.5,95,8,SSE,7,1028.9,12.8,94,7,SSE,13,1025.9
2024-05-12,Su,9.8,17.0,14.8,,,S,37,12:29,12.1,97,3,SSE,9,1024.0,16.1,57,4,SSE,13,1022.1
2024-05-13,Mo,3.4,20.0,0.2,,,NNW,26,14:24,11.2,91,,Calm,Calm,1024.0,19.5,44,,NW,15,1021.1
2024-05-14,Tu,0.1,19.1,0,,,,,,7.5,99,,Calm,Calm,1027.3,18.6,49,,NNW,19,1025.1
2024-05-15,We,6.7,18.3,0,,,NNW,31,14:56,12.5,69,1,Calm,Calm,1030.4,17.4,55,,NNW,24,1027.0
2024-05-16,Th,1.0,18.1,0,,,N,26,12:55,8.6,99,8,SSE,9,1031.6,16.1,61,,WNW,7,1027.9
2024-05-17,Fr,1.6,19.5,0.2,,,S,43,22:30,6.1,100,8,Calm,Calm,1027.1,17.9,54,,W,9,1022.4
2024-05-18,Sa,5.2,11.9,0,,,S,57,10:51,7.4,61,,S,35,1026.3,10.6,53,8,S,31,1026.2
2024-05-19,Su,-3.9,14.1,0,,,N,30,14:38,3.8,83,4,Calm,Calm,1024.5,13.3,41,,N,19,1020.5
2024-05-20,Mo,-3.7,16.2,0,,,S,31,12:32,3.1,91,7,NE,2,1025.3,15.2,43,1,S,17,1024.0
2024-05-21,Tu,-2.1,16.5,0,,,S,26,10:36,6.3,88,,SE,6,1029.9,16.3,43,,WSW,9,1026.4
2024-05-22,We,1.6,15.4,0,,,SE,19,06:15,6.0,75,,ESE,4,1029.0,15.0,47,,WNW,9,1025.1
2024-05-23,Th,-2.8,16.8,0,,,NNW,22,15:18,4.4,89,,NNW,2,1029.2,16.8,42,,NW,13,1025.8
2024-05-24,Fr,-0.6,16.0,0,,,SE,24,06:12,5.1,96,,Calm,Calm,1029.0,15.0,48,,NNW,7,1026.1
2024-05-25,Sa,0.5,16.5,0,,,NNW,13,02:47,4.8,99,8,Calm,Calm,1029.7,15.5,57,6,WNW,4,1026.1
2024-05-26,Su,-1.3,16.5,0,,,NW,22,14:47,3.6,100,8,SE,9,1027.9,16.1,54,,NW,15,1024.3
2024-05-27,Mo,-3.3,16.6,0.2,,,NW,15,14:31,2.0,100,8,Calm,Calm,1027.5,16.1,50,,WNW,11,1025.1
2024-05-28,Tu,-4.9,18.9,0,,,N,11,01:28,3.2,99,,Calm,Calm,1030.4,18.5,35,,Calm,Calm,1027.3
2024-05-29,We,-3.9,19.1,0.2,,,NNW,41,12:48,4.6,92,,Calm,Calm,1030.7,18.4,47,,NNW,24,1026.7
2024-05-30,Th,1.9,17.9,0,,,NNW,48,13:26,9.4,95,7,SSW,6,1026.5,16.5,64,2,NNW,24,1021.4
2024-05-31,Fr,9.3,16.5,13.0,,,NNW,67,06:13,11.9,95,8,NNW,13,1017.1,16.0,52,,WNW,31,1015.3
2024-06-01,Sa,-0.3,13.4,0.8,,,S,39,23:43,4.3,100,8,Calm,Calm,1023.5,12.1,62,8,ESE,17,1022.2
2024-06-02,Su,4.0,13.5,0,,,S,48,13:09,7.5,69,,SSW,26,1021.2,12.9,45,,SSW,26,1017.8
2024-06-03,Mo,1.4,11.3,0.6,,,NW,50,12:47,5.7,93,8,N,17,1012.2,10.2,57,8,NW,24,1011.5
2024-06-04,Tu,1.5,11.5,1.2,,,N,28,12:40,6.4,99,8,SSE,6,1017.4,10.8,70,3,NNW,9,1016.2
2024-06-05,We,3.8,12.2,0,,,S,24,19:50,8.1,92,8,Calm,Calm,1021.1,12.1,73,8,SE,7,1019.9
2024-06-06,Th,7.7,14.3,17.2,,,S,43,23:37,10.2,99,8,ESE,7,1022.4,13.8,69,8,SSE,17,1020.4
2024-06-07,Fr,7.1,15.8,0.8,,,,,,10.0,88,8,S,24,1018.9,12.5,87,,S,17,1015.2
2024-06-08,Sa,2.6,17.6,11.8,,,NW,28,17:02,8.9,100,1,E,4,1015.9,16.3,59,8,WNW,9,1012.8
2024-06-09,Su,6.5,13.5,0,,,NW,37,13:37,9.2,84,8,N,20,1018.6,12.1,60,,N,22,1017.9
2024-06-10,Mo,-1.6,13.6,0.2,,,NNW,22,16:07,6.7,100,1,SSW,9,1023.5,13.1,47,,W,4,1022.5
2024-06-11,Tu,-2.5,10.8,0,,,NNW,50,20:01,7.1,75,8,NNW,28,1020.5,9.6,84,8,N,19,1015.3
2024-06-12,We,7.1,13.5,1.6,,,WNW,46,10:33,10.8,69,4,WNW,22,1010.2,12.3,31,,S,26,1013.2
2024-06-13,Th,-3.5,9.6,0,,,S,22,12:46,3.9,78,,Calm,Calm,1023.0,9.2,60,7,SSW,7,1021.0
2024-06-14,Fr,-0.3,13.7,0,,,ESE,19,10:22,6.0,89,8,SSE,9,1021.6,11.8,59,8,E,9,1018.8
2024-06-15,Sa,4.6,10.9,1.2,,,SSE,26,10:50,7.0,99,8,S,13,1020.4,10.3,62,7,SE,4,1017.8
2024-06-16,Su,-4.1,12.1,0.4,,,WSW,28,11:18,3.4,96,,Calm,Calm,1018.3,11.3,46,4,WNW,13,1015.3
2024-06-17,Mo,-3.8,14.0,0,,,SSE,48,11:25,2.2,99,8,Calm,Calm,1018.2,13.1,49,6,S,24,1016.9
2024-06-18,Tu,-4.2,12.4,0.2,,,NNW,28,16:13,2.6,93,,Calm,Calm,1019.3,11.4,57,2,NNW,19,1015.9
2024-06-19,We,-6.2,8.4,0,,,NW,28,15:45,-2.2,99,8,Calm,Calm,1019.1,8.1,65,1,NNW,13,1015.9
2024-06-20,Th,-4.7,10.4,0.2,,,NW,20,13:50,1.0,99,8,SSW,9,1019.3,9.4,63,,N,13,1016.6
2024-06-21,Fr,0.9,12.8,1.6,,,S,37,18:10,5.3,99,8,Calm,Calm,1020.2,12.1,54,5,WNW,15,1019.5
2024-06-22,Sa,2.7,12.3,0.2,,,S,44,09:47,8.0,67,,S,24,1028.2,11.3,53,,SSW,30,1027.1
2024-06-23,Su,-3.4,14.6,0,,,N,24,14:36,1.5,97,,NNW,2,1027.9,13.3,43,,NNW,17,1023.0
2024-06-24,Mo,-5.6,12.1,0,,,NW,28,14:08,-0.5,99,,NNW,9,1021.8,10.6,55,5,NNW,20,1018.9
2024-06-25,Tu,-3.3,14.2,0,,,NNW,35,14:53,2.1,99,8,Calm,Calm,1022.5,13.8,51,6,NW,24,1019.9
2024-06-26,We,-1.8,15.3,0,,,,,,3.7,99,8,WSW,6,1019.9,13.9,41,,NW,24,1017.9
2024-06-27,Th,-1.0,15.1,0,,,WNW,43,14:48,4.6,99,7,SSW,6,1023.8,13.6,50,1,WNW,26,1021.6
2024-06-28,Fr,-3.0,13.9,0,,,NNW,19,15:00,2.1,99,,N,7,1027.5,13.1,50,,NNW,11,1023.8
2024-06-29,Sa,-3.6,15.7,0,,,NW,56,14:29,5.6,95,1,NNE,2,1022.2,13.9,60,,NW,31,1015.9
2024-06-30,Su,5.5,8.8,2.8,,,S,31,11:57,6.5,99,8,SSW,13,1016.3,7.8,72,8,E,11,1016.9
2024-07-01,Mo,-5.4,12.2,1.0,,,SSE,30,10:53,2.3,93,,Calm,Calm,1026.2,11.5,47,6,SE,15,1025.7
2024-07-02,Tu,-2.9,12.0,0,,,ESE,33,15:04,6.2,80,8,S,19,1033.1,10.4,58,8,ESE,20,1031.7
2024-07-03,We,3.1,12.4,0,,,ESE,35,14:14,7.2,66,,S,17,1037.1,11.1,52,6,SE,17,1035.3
2024-07-04,Th,0.9,11.9,0,,,SSW,35,13:21,7.2,90,1,SE,11,1038.2,10.6,75,8,S,22,1036.7
2024-07-05,Fr,1.0,13.5,0,,,ESE,31,15:00,6.6,80,4,S,11,1040.6,12.7,54,2,E,17,1039.1
2024-07-06,Sa,2.0,13.6,0,,,E,28,16:01,6.2,75,8,SSW,17,1042.1,12.7,50,,E,15,1037.6
2024-07-07,Su,-0.5,12.5,0,,,E,20,11:04,6.6,79,7,NE,6,1036.9,11.8,78,7,ESE,9,1032.0
2024-07-08,Mo,6.6,14.9,0,,,ENE,24,12:19,10.4,88,8,S,2,1028.3,11.6,95,7,NNE,7,1023.1
2024-07-09,Tu,7.7,13.4,8.8,,,NW,33,11:37,9.6,99,5,N,13,1021.3,10.7,84,8,NNW,15,1019.8
2024-07-10,We,6.9,13.9,0,,,WNW,37,12:41,9.5,96,8,WNW,11,1022.6,12.6,70,7,NW,24,1021.3
2024-07-11,Th,2.1,8.5,0.2,,,NNW,19,13:46,4.8,99,8,NNW,4,1024.6,7.6,79,7,NW,9,1020.4
2024-07-12,Fr,2.1,10.7,0,,,NW,17,14:57,5.0,89,8,SE,9,1016.9,10.2,67,8,NW,13,1013.9
2024-07-13,Sa,-0.7,13.5,0,,,NW,30,14:30,4.4,100,,Calm,Calm,1015.4,12.1,59,,NW,22,1012.1
2024-07-14,Su,-3.0,12.1,0,,,NW,46,15:31,4.0,99,8,Calm,Calm,1013.0,10.1,53,,WNW,26,1009.6
2024-07-15,Mo,-0.7,9.6,0,,,NNW,52,22:22,4.8,76,,NW,26,1008.3,8.0,65,8,NW,31,1005.2
2024-07-16,Tu,4.3,11.7,0,,,NNW,52,03:22,6.3,81,8,NNW,22,1001.8,9.6,73,8,NNW,20,1002.1
2024-07-17,We,-1.2,12.3,1.2,,,S,26,12:58,4.4,99,,Calm,Calm,1009.4,11.6,64,8,W,11,1008.7
2024-07-18,Th,-0.4,10.8,0.2,,,NW,43,16:09,3.6,99,8,N,13,1014.4,9.5,58,,NW,24,1012.6
2024-07-19,Fr,-2.2,10.0,0,,,NW,54,12:20,5.6,63,4,NNW,30,1017.1,7.2,61,8,NW,19,1012.6
2024-07-20,Sa,5.4,8.8,7.0,,,NW,69,12:38,6.8,91,8,NNW,33,1003.2,5.5,82,8,NW,20,1005.0
2024-07-21,Su,2.9,12.8,2.8,,,WNW,52,00:08,7.0,72,,N,20,1019.1,12.0,51,,WNW,26,1020.0
2024-07-22,Mo,2.7,13.8,0,,,NW,35,14:35,8.5,98,5,N,19,1027.2,12.8,60,1,NNW,28,1025.5
2024-07-23,Tu,-2.4,14.5,0.2,,,NNW,33,15:40,2.0,100,8,SSW,7,1030.1,14.0,61,,NNW,24,1025.9
2024-07-24,We,-3.2,14.7,0.2,,,NNW,39,11:31,1.4,100,,SE,6,1025.8,13.0,53,,NW,24,1021.5
2024-07-25,Th,1.4,16.6,0,,,NNW,50,13:23,10.5,68,,NNW,31,1019.0,15.1,55,,WNW,20,1014.9
2024-07-26,Fr,3.5,15.4,0.2,,,NNW,33,00:05,9.0,76,,NW,7,1021.6,14.9,47,,NNW,17,1020.2
2024-07-27,Sa,-4.6,14.2,0,,,NNW,33,15:38,0.1,100,8,NNE,7,1021.5,13.0,50,,NNW,22,1016.5
2024-07-28,Su,0.1,10.8,0,,,WSW,52,13:29,6.4,60,3,WNW,24,1019.0,10.1,43,1,WSW,24,1018.9
2024-07-29,Mo,-5.6,10.6,0,,,SSW,44,11:20,5.0,62,,S,24,1027.2,10.0,41,,S,28,1028.7
2024-07-30,Tu,-3.9,12.6,0,,,SSE,37,09:11,5.8,69,,S,17,1036.4,12.5,38,,S,19,1033.8
2024-07-31,We,-3.5,11.7,0,,,SSW,31,13:00,5.3,74,8,SSE,9,1038.0,11.0,47,,S,13,1035.1
2024-08-01,Th,-3.7,13.9,0,,,S,33,10:17,5.4,83,,Calm,Calm,1036.3,12.7,45,1,ESE,9,1031.7
2024-08-02,Fr,-4.7,14.3,0.2,,,NNE,20,14:39,3.6,87,,SSE,7,1032.7,13.5,40,,NNW,11,1029.0
2024-08-03,Sa,-5.6,15.0,0,,,N,30,16:12,0.3,99,1,NNE,7,1031.3,14.0,45,,NNW,17,1027.8
2024-08-04,Su,-4.6,14.8,0,,,NNW,26,14:45,1.5,94,7,N,2,1031.0,13.7,38,,NNW,15,1026.6
2024-08-05,Mo,1.5,11.9,0,,,W,31,14:28,4.5,94,8,Calm,Calm,1027.3,10.8,53,8,WNW,20,1023.1
2024-08-06,Tu,-2.9,14.8,0.2,,,N,31,13:20,3.8,84,,SSE,4,1025.3,14.0,50,,NNW,20,1022.2
2024-08-07,We,-5.3,15.1,0.2,,,NNW,19,13:53,1.0,99,,N,9,1028.4,14.5,35,,NNW,11,1026.0
2024-08-08,Th,-4.8,15.4,0,,,NNW,41,14:10,3.3,83,,NE,6,1029.7,13.9,47,,NNW,22,1025.7
2024-08-09,Fr,1.4,17.1,0,,,NW,30,14:36,5.6,99,4,SE,2,1027.9,15.8,41,1,NW,15,1025.7
2024-08-10,Sa,-3.4,16.0,0,,,N,22,14:11,3.8,100,8,ESE,7,1031.2,15.3,48,5,WNW,6,1028.4
2024-08-11,Su,1.9,18.0,0,,,SE,19,08:49,7.8,82,,SE,13,1033.8,17.6,45,,NNW,9,1030.6
2024-08-12,Mo,-0.2,18.0,0,,,ENE,28,13:58,7.1,100,7,ESE,9,1034.5,16.2,56,3,NE,13,1030.9
2024-08-13,Tu,7.0,17.6,4.4,,,W,17,13:40,11.4,100,8,Calm,Calm,1030.4,16.6,63,7,NNW,7,1025.8
2024-08-14,We,8.8,15.6,0.6,,,N,17,16:39,11.7,100,8,Calm,Calm,1023.9,14.8,79,8,N,7,1020.3
2024-08-15,Th,4.7,20.3,0.6,,,NNE,28,15:21,10.5,99,8,ESE,11,1021.5,19.1,54,4,NNE,17,1017.6
2024-08-16,Fr,3.4,17.8,0,,,WNW,56,16:55,9.9,100,8,N,7,1016.6,17.0,63,1,NNW,22,1010.7
2024-08-17,Sa,5.7,14.5,1.4,,,WNW,46,03:38,9.9,78,1,NW,19,1008.6,11.8,62,8,WNW,28,1006.6
2024-08-18,Su,1.0,17.0,0.2,,,SSW,35,10:53,8.0,99,1,NNE,4,1016.6,15.6,49,8,SSE,7,1016.8
2024-08-19,Mo,4.6,16.2,0.2,,,NW,24,14:58,8.8,83,8,SE,6,1026.5,15.1,56,8,NW,15,1023.6
2024-08-20,Tu,2.2,17.8,0,,,NNW,41,12:33,8.8,91,4,Calm,Calm,1024.4,15.6,56,7,N,15,1017.6
2024-08-21,We,5.5,17.0,0.2,,,NNW,57,02:43,14.1,74,,NNW,28,1015.1,14.7,58,2,NNW,35,1016.2
2024-08-22,Th,7.8,17.3,0,,,WNW,43,13:13,12.3,65,,WNW,19,1020.4,14.5,53,1,WNW,24,1019.4
2024-08-23,Fr,-0.4,17.5,0,,,NNW,31,14:44,5.9,97,7,Calm,Calm,1026.7,16.7,41,,NW,17,1022.8
2024-08-24,Sa,5.4,21.4,1.6,,,NNW,57,10:40,13.0,79,,NW,15,1018.7,20.2,51,2,NNW,31,1014.9
2024-08-25,Su,9.9,19.1,0,,,NW,61,14:25,14.1,93,6,NNW,7,1016.6,15.5,95,8,NW,33,1014.8
2024-08-26,Mo,7.3,16.3,2.6,,,WNW,69,00:15,12.0,63,,NW,24,1017.5,14.8,50,,WNW,30,1017.9
2024-08-27,Tu,1.2,17.1,0.2,,,N,52,13:49,11.9,73,,NNW,19,1022.4,15.5,56,5,NNW,35,1016.6
2024-08-28,We,10.2,17.9,0,,,NW,67,12:40,15.2,50,,NNW,41,1011.3,15.0,49,8,WNW,37,1009.8
2024-08-29,Th,7.2,17.0,0,,,NW,52,16:37,11.6,45,1,NW,28,1015.1,15.2,47,,NNW,33,1012.1
2024-08-30,Fr,7.4,19.6,0,,,NW,56,15:03,13.0,63,7,NW,31,1004.9,18.6,51,2,NW,35,1001.1
2024-08-31,Sa,8.8,16.6,0,,,NW,65,15:27,12.7,57,1,NW,31,1008.3,15.7,46,,NW,41,1007.9
2024-09-01,Su,9.5,19.0,0,,,NW,67,13:22,14.7,48,,NW,26,1013.2,17.9,32,,WNW,39,1010.6
2024-09-02,Mo,10.4,14.0,0,,,WNW,85,10:06,10.8,58,8,W,56,1009.8,12.0,34,8,WNW,43,1014.6
2024-09-03,Tu,-0.1,15.9,0,,,NW,30,14:59,8.0,55,,NW,11,1029.6,15.0,36,,NW,19,1028.1
2024-09-04,We,-2.5,20.1,0,,,NNW,44,15:01,6.4,85,,NNW,7,1028.9,18.3,25,4,NNW,30,1023.8
2024-09-05,Th,2.4,22.6,0,,,NNW,50,12:03,15.1,54,,NNW,28,1024.4,22.0,36,3,NW,35,1021.2
2024-09-06,Fr,9.0,24.4,0,,,NW,63,10:28,17.2,51,,NW,35,1023.3,23.6,32,,NW,35,1018.5
2024-09-07,Sa,13.2,20.2,0,,,NNW,44,01:26,13.9,79,7,NNW,13,1024.1,19.3,41,,N,30,1021.6
2024-09-08,Su,-0.6,17.6,0,,,WNW,50,13:48,8.9,67,,ENE,6,1021.8,16.3,36,,W,35,1017.8
2024-09-09,Mo,8.6,18.6,0,,,NW,54,14:50,14.6,54,,NNW,20,1017.6,16.2,44,,WNW,31,1017.3
2024-09-10,Tu,-0.8,19.9,0,,,NNW,22,13:34,9.1,67,,SSE,2,1026.2,19.1,32,,NNE,11,1023.7
2024-09-11,We,0.2,19.4,0,,,NW,37,10:29,10.6,74,1,Calm,Calm,1025.5,18.4,47,4,NNW,22,1021.9
2024-09-12,Th,5.7,15.4,0,,,SSW,37,10:01,12.9,64,4,SSE,17,1023.9,13.4,63,8,SSE,11,1024.5
2024-09-13,Fr,-1.8,16.7,0,,,SSE,30,00:04,7.9,63,,S,7,1029.6,15.9,46,,N,17,1025.1
2024-09-14,Sa,-2.0,18.3,0,,,S,52,19:42,7.0,99,8,NW,9,1024.6,16.3,30,7,WNW,33,1019.9
2024-09-15,Su,0.6,12.9,0.6,,,S,63,08:09,6.8,51,,SSE,41,1028.9,11.9,36,,S,24,1028.5
2024-09-16,Mo,-6.9,16.8,0,,,NW,35,14:53,4.2,67,,N,7,1027.7,15.9,30,8,NNW,22,1023.4
2024-09-17,Tu,-2.4,18.6,0,,,NW,48,15:53,9.3,67,,NW,9,1026.9,17.9,34,,WNW,31,1021.1
2024-09-18,We,2.2,18.7,0,,,WNW,70,10:02,13.7,37,,NW,22,1017.8,17.7,28,,WNW,31,1013.3
2024-09-19,Th,5.5,18.2,0,,,WNW,72,11:43,14.8,38,,NW,26,1010.2,15.9,35,1,WNW,35,1006.8
2024-09-20,Fr,4.6,17.2,0,,,WNW,52,12:38,11.3,56,,NW,26,1010.6,14.7,41,1,WNW,31,1008.8
2024-09-21,Sa,8.9,17.0,0,,,WNW,59,04:51,12.7,48,2,W,30,1011.0,14.4,42,2,WNW,33,1010.5
2024-09-22,Su,6.9,18.5,0,,,WNW,57,09:55,13.8,55,8,NW,22,1016.6,16.7,39,1,W,31,1016.1
2024-09-23,Mo,7.5,22.5,0,,,NW,48,13:18,15.8,49,,NNW,26,1019.7,20.9,31,,WNW,31,1018.0
2024-09-24,Tu,3.0,24.9,0,,,NW,52,14:01,13.4,66,1,Calm,Calm,1022.3,22.5,29,1,N,31,1016.1
2024-09-25,We,12.0,21.7,0,,,NW,65,09:34,15.6,69,8,NW,39,1014.7,14.2,88,8,NNW,20,1012.8
2024-09-26,Th,4.5,12.6,19.6,,,SSE,48,11:21,6.2,87,7,SSE,17,1021.1,11.7,40,8,SE,20,1020.6
2024-09-27,Fr,-0.4,16.1,0.4,,,E,46,14:51,9.2,56,5,S,17,1029.2,14.0,45,,ENE,24,1027.0
2024-09-28,Sa,1.2,18.9,0.2,,,E,37,13:29,11.2,70,7,SE,13,1029.8,17.8,47,1,E,19,1025.2
2024-09-29,Su,3.7,20.5,0,,,NNW,44,12:47,12.7,71,1,N,7,1023.6,18.9,49,8,NNW,26,1018.6
2024-09-30,Mo,5.9,20.9,0,,,NNE,30,15:54,14.6,63,,NW,7,1021.2,19.6,45,5,N,19,1019.1
2024-10-01,Tu,2.5,21.6,0.2,,,E,41,20:36,10.9,78,8,W,9,1024.3,20.1,41,,NNW,22,1020.1
2024-10-02,We,9.1,19.2,0,,,NE,39,13:17,14.5,69,8,ENE,20,1029.9,18.5,50,6,NNE,17,1028.0
2024-10-03,Th,6.2,20.9,0,,,N,37,12:36,13.5,63,4,E,7,1030.4,20.2,39,,NNE,19,1024.9
2024-10-04,Fr,2.8,20.1,0,,,NW,44,10:34,13.2,74,6,W,4,1020.3,18.1,54,8,NNW,26,1013.8
2024-10-05,Sa,12.3,20.0,5.8,,,NW,52,13:24,16.7,53,4,W,20,1008.3,18.1,43,5,WNW,28,1006.5
2024-10-06,Su,9.4,17.5,0,,,WNW,61,05:59,14.4,55,,WNW,41,1010.6,15.9,54,8,NW,24,1012.9
2024-10-07,Mo,8.5,22.5,0,,,WNW,59,13:06,15.7,63,,NW,19,1018.0,20.5,45,8,WNW,37,1015.9
2024-10-08,Tu,7.4,17.0,0,,,E,43,19:29,9.9,74,8,SSE,17,1022.1,14.9,52,1,NE,17,1020.8
2024-10-09,We,0.4,17.7,0,,,NE,33,14:32,9.3,62,8,ESE,11,1026.9,16.9,42,1,NE,13,1023.3
2024-10-10,Th,-0.3,22.7,0,,,NNW,52,12:37,10.5,74,,NW,4,1023.2,22.3,36,,N,30,1019.1
2024-10-11,Fr,4.4,24.9,0,,,NW,46,14:23,12.8,73,7,W,6,1024.6,23.7,37,,NW,26,1019.5
2024-10-12,Sa,9.9,19.6,0,,,NNE,39,14:09,11.0,60,8,SSE,19,1026.7,18.8,33,,NNE,24,1024.6
2024-10-13,Su,3.0,21.2,0,,,NNW,26,10:28,11.3,57,,SSE,9,1026.7,20.2,29,,N,13,1021.0
2024-10-14,Mo,7.3,22.9,0,,,S,48,15:15,14.9,64,8,W,2,1019.7,19.3,52,8,S,19,1016.4
2024-10-15,Tu,8.1,15.5,5.8,,,ENE,33,14:27,11.8,79,8,SE,13,1025.4,14.5,62,7,NE,20,1023.5
2024-10-16,We,3.6,22.0,0,,,N,31,13:53,10.1,70,,SSE,9,1022.3,20.8,45,,N,17,1017.5
2024-10-17,Th,4.6,25.0,0,,,,,,12.7,75,,Calm,Calm,1018.4,,,,,,
2024-10-18,Fr,12.7,21.9,,,,NNW,61,12:04,15.7,100,7,NNE,15,1009.4,20.2,81,8,NNW,35,1003.2
2024-10-19,Sa,11.7,24.4,6.8,,,SSE,31,16:37,16.1,86,3,Calm,Calm,1009.5,21.0,62,8,NNW,19,1011.1
2024-10-20,Su,3.9,26.3,0.2,,,SSE,37,09:58,14.8,57,,SSW,13,1019.9,24.8,29,,SSW,19,1017.4
2024-10-21,Mo,5.2,24.1,0,,,NNE,33,16:17,13.3,65,,SSE,13,1023.7,23.0,34,,S,9,1018.5
2024-10-22,Tu,4.1,26.8,0,,,NNW,30,15:15,9.7,99,8,SE,6,1017.7,26.3,36,,N,19,1013.1
2024-10-23,We,8.1,24.1,0,,,WSW,41,15:47,15.7,71,3,Calm,Calm,1012.6,23.3,43,8,NNW,17,1009.3
2024-10-24,Th,6.5,21.5,0,,,NNW,46,14:53,15.8,43,,NNW,13,1011.3,20.7,24,,NNW,22,1008.9
2024-10-25,Fr,1.3,18.9,0,,,ESE,28,16:24,10.3,69,,WNW,4,1015.1,16.5,30,8,NW,7,1014.0
2024-10-26,Sa,-1.3,19.3,0,,,N,33,15:22,9.1,40,,SSE,15,1022.2,17.5,21,,N,17,1018.3
2024-10-27,Su,4.6,25.0,0,,,NW,41,13:35,11.7,65,5,S,7,1019.8,21.8,29,8,N,20,1016.3
2024-10-28,Mo,3.7,27.7,0,,,WNW,54,11:31,13.6,60,4,NW,6,1018.5,26.7,17,,NW,30,1015.4
2024-10-29,Tu,7.2,25.6,0,,,N,35,14:16,14.2,64,,NNW,2,1023.4,24.2,36,,NNE,17,1019.3
2024-10-30,We,9.9,28.3,0,,,W,44,14:26,15.1,73,3,SSW,7,1018.2,27.1,17,,WNW,31,1012.6
2024-10-31,Th,5.0,26.1,0,,,W,50,13:07,15.8,48,3,Calm,Calm,1011.5,23.8,23,8,WNW,30,1008.6
